,Unnamed: 0,0,1,2A,2B,2C,2D,2E,2F,2G,2H,3,4,7,9,10,11,12,13,5,6,responsive,web-comment
0,0,6/7/2015 9:25:55,"1, 2",5 (dominantní činnost),4 (výrazně),3 (středně),2 (trochu),3 (středně),1 (vůbec),1 (vůbec),3 (středně),Virtuální výstava,4,Uvažujeme o tom,1 - 10,Dospělí samostatní návštěvníci,"Všeobecné, kombinované (vlastivědné)",2012,finance,"1, 2","Nejsou dokonalé, ale plní svou funkci",1,
1,1,6/7/2015 9:31:33,"1, 3, 4, 5, 9",5 (dominantní činnost),3 (středně),3 (středně),2 (trochu),1 (vůbec),1 (vůbec),3 (středně),4 (výrazně),,"1, 2",Ano,1 - 10,Turisté,Umělecké obory ostatní,2006,,"2, 3","Nejsme s nimi spokojeni, mají mnoho závažných chyb",2,Jsou pod webem města 
2,2,6/7/2015 11:45:22,"1, 2, 3, 7",5 (dominantní činnost),3 (středně),2 (trochu),3 (středně),2 (trochu),4 (výrazně),1 (vůbec),1 (vůbec),Virtuální prohlídka,"1, 2, 3, 5, 6",Ne,1 - 10,Školní exkurze,Archeologie a historie,2014,jednáme o zakoupení infokiosku05,1,"Jsou dobré, nic není zásadně špatně",1,
3,3,6/7/2015 11:53:41,"1, 4",5 (dominantní činnost),2 (trochu),3 (středně),3 (středně),1 (vůbec),1 (vůbec),1 (vůbec),1 (vůbec),Virtuální prohlídka,5,Ne,1 - 10,Rodiny s dětmi,"Všeobecné, kombinované (vlastivědné)",2013,,1,"Nejsou dokonalé, ale plní svou funkci",1,vylepšili
4,4,6/7/2015 18:46:42,"1, 2, 5",5 (dominantní činnost),2 (trochu),4 (výrazně),3 (středně),3 (středně),4 (výrazně),1 (vůbec),4 (výrazně),"Virtuální prohlídka, Virtuální výstava","1, 2, 3, 4, 6",Ano,1 - 10,Skupiny dospělých,"Všeobecné, kombinované (vlastivědné)",2010,,"1, 2","Jsou dobré, nic není zásadně špatně",0,
5,5,6/7/2015 19:58:57,"1, 2, 5, 9",5 (dominantní činnost),3 (středně),4 (výrazně),3 (středně),2 (trochu),4 (výrazně),2 (trochu),3 (středně),"Virtuální prohlídka, Online databáze","1, 2, 3, 4, 5",Ano,1 - 10,Školní exkurze,Ostatní,2012,"Velmi uvažujeme o větší interaktivitě expozic, jednáme s firmou AV Media, máme podporu zřizovatel, problémem jsou finanční prostředky","1, 2","Jsou dobré, nic není zásadně špatně",0,
6,6,6/8/2015 6:12:35,"2, 3",3 (středně),3 (středně),3 (středně),3 (středně),2 (trochu),1 (vůbec),3 (středně),3 (středně),,,Ne,1 - 10,Turisté,Věda a technika,2015,,0,"Jsou dobré, nic není zásadně špatně",2,Jsou pod webem města 
7,7,6/8/2015 7:04:50,"1, 2",5 (dominantní činnost),4 (výrazně),2 (trochu),2 (trochu),2 (trochu),1 (vůbec),1 (vůbec),3 (středně),,2,Ne,1 - 10,Turisté,"Všeobecné, kombinované (vlastivědné)",2008,,0,"Nejsou dokonalé, ale plní svou funkci",2,Jsou pod webem města 
8,8,6/8/2015 7:12:41,"1, 5, 6",4 (výrazně),3 (středně),5 (dominantní činnost),3 (středně),3 (středně),2 (trochu),1 (vůbec),2 (trochu),,"1, 2, 3, 5, 6",Ano,1 - 10,Školní exkurze,"Všeobecné, kombinované (vlastivědné)",2015,,1,"Jsou dobré, nic není zásadně špatně",2,Nejasný název muzea 
9,9,6/8/2015 7:48:41,1,5 (dominantní činnost),4 (výrazně),5 (dominantní činnost),3 (středně),1 (vůbec),1 (vůbec),1 (vůbec),1 (vůbec),,2,Ne,1 - 10,Turisté,Historie přírody a přírodovědné obory,2015,,0,Nemáme webové stránky,2,Jsou pod webem města 
10,10,6/8/2015 8:02:55,"1, 2, 4, 6",5 (dominantní činnost),3 (středně),1 (vůbec),2 (trochu),1 (vůbec),4 (výrazně),2 (trochu),2 (trochu),"Virtuální prohlídka, Online databáze","1, 2, 3, 4, 5, 6",Ano,1 - 10,Dospělí samostatní návštěvníci,Výtvarné umění,2015,,"1, 2","Nejsou dokonalé, ale plní svou funkci",1,
11,11,6/8/2015 8:11:17,"1, 2, 3, 4, 5, 8, 10",4 (výrazně),3 (středně),5 (dominantní činnost),5 (dominantní činnost),2 (trochu),5 (dominantní činnost),5 (dominantní činnost),3 (středně),,"1, 2, 3, 4, 6",Ano,1 - 10,Školní exkurze,Archeologie a historie,2010,,"1, 2","Nejsou dokonalé, ale plní svou funkci",0,
12,12,6/8/2015 8:12:58,"1, 2",2 (trochu),2 (trochu),3 (středně),2 (trochu),1 (vůbec),3 (středně),4 (výrazně),3 (středně),,"1, 2, 3, 5",Uvažujeme o tom,1 - 10,Rodiny s dětmi,Ostatní,1962,"Ta šrámkovská výstava v Sobotce není moc povedená (pouze interní informace, myšleno bez urážky)","1, 2, google+","Jsou dobré, nic není zásadně špatně",0,
13,13,6/8/2015 8:25:18,"1, 10",3 (středně),2 (trochu),3 (středně),1 (vůbec),1 (vůbec),4 (výrazně),5 (dominantní činnost),4 (výrazně),Virtuální prohlídka,"2, 3",Ano,1 - 10,Školní exkurze,"Všeobecné, kombinované (vlastivědné)",2014,,"1, 2","Nejsou dokonalé, ale plní svou funkci",0,
14,14,6/8/2015 8:36:14,"1, 2, 7, 11",5 (dominantní činnost),2 (trochu),4 (výrazně),2 (trochu),3 (středně),1 (vůbec),1 (vůbec),3 (středně),Online databáze,"1, 2, 5",Ano,1 - 10,Dospělí samostatní návštěvníci,"Všeobecné, kombinované (vlastivědné)",2005,"Časem bude v našem muzeu nutná změna stávajících expozic, kde si myslím, že by bylo vhodné více začlenit interaktivní prvky do prohlídky. Přiznám se však, že více sázím na osobní kontakt s návštěvníky a to pomocí muzejně pedagogických metod lektora či muzejního pedagoga. Bohužel při stavu 2 zaměstnanců našeho muzea to nebude v blízké době možné.",1,"Nejsou dokonalé, ale plní svou funkci",0,
15,15,6/8/2015 8:39:42,"1, 5, 6",5 (dominantní činnost),2 (trochu),4 (výrazně),3 (středně),3 (středně),4 (výrazně),3 (středně),3 (středně),,"1, 4, 6",Ano,1 - 10,Školní exkurze,Věda a technika,2010,nedostatkem finančních prostředků,"1, 2","Nejsou dokonalé, ale plní svou funkci",1,vylepšili
16,16,6/8/2015 8:49:15,"1, 5, 6, 8",3 (středně),1 (vůbec),3 (středně),2 (trochu),1 (vůbec),4 (výrazně),4 (výrazně),3 (středně),Virtuální prohlídka,"1, 2, 3, 4",Ano,26 a více,Školní exkurze,"Všeobecné, kombinované (vlastivědné)",2009,,"1, 2","Nejsou dokonalé, ale plní svou funkci",0,
17,17,6/8/2015 8:58:35,1,5 (dominantní činnost),3 (středně),1 (vůbec),1 (vůbec),1 (vůbec),1 (vůbec),2 (trochu),2 (trochu),,"1, 2, 6",,1 - 10,Dospělí samostatní návštěvníci,"Všeobecné, kombinované (vlastivědné)",2014,,"1, 2","Nejsou dokonalé, ale plní svou funkci",2,Nejasný název muzea 
18,18,6/8/2015 9:08:11,"1, 4, 5, 7, 8, 10",5 (dominantní činnost),5 (dominantní činnost),5 (dominantní činnost),2 (trochu),3 (středně),4 (výrazně),5 (dominantní činnost),2 (trochu),,"1, 2, 3, 4, 5, 6",Ne,1 - 10,Turisté,Ostatní,2014,,"1, 2, 3","Jsou dobré, nic není zásadně špatně",1,
19,19,6/8/2015 9:20:09,"1, 5",5 (dominantní činnost),3 (středně),4 (výrazně),2 (trochu),2 (trochu),3 (středně),1 (vůbec),3 (středně),Online databáze,"1, 2, 3, 4",Ano,1 - 10,Místní obyvatelé,Výtvarné umění,2014,,"1, 2","Nejsou dokonalé, ale plní svou funkci",1,
20,20,6/8/2015 9:18:15,"1, 2, 5",5 (dominantní činnost),3 (středně),4 (výrazně),4 (výrazně),3 (středně),2 (trochu),1 (vůbec),3 (středně),,"1, 2, 3, 4, 5",Ano,1 - 10,Skupiny dospělých,Archeologie a historie,2015,,"1, 2","Nejsou dokonalé, ale plní svou funkci",0,
21,21,6/8/2015 9:25:35,"1, 2, 5, 6, 9",5 (dominantní činnost),4 (výrazně),5 (dominantní činnost),5 (dominantní činnost),5 (dominantní činnost),1 (vůbec),1 (vůbec),5 (dominantní činnost),Virtuální prohlídka,"2, 5",Ano,1 - 10,Skupiny dospělých,Archeologie a historie,2015,,"1, 2","Jsou dobré, nic není zásadně špatně",0,
22,22,6/8/2015 9:30:54,"1, 2",5 (dominantní činnost),4 (výrazně),4 (výrazně),5 (dominantní činnost),3 (středně),1 (vůbec),1 (vůbec),2 (trochu),,"4, 5",Ne,1 - 10,Skupiny dospělých,Věda a technika,2015,,1,"Nejsou dokonalé, ale plní svou funkci",0,
23,23,6/8/2015 9:47:40,1,5 (dominantní činnost),3 (středně),4 (výrazně),3 (středně),2 (trochu),2 (trochu),2 (trochu),3 (středně),,"1, 2, 3, 4",Ano,1 - 10,Rodiny s dětmi,"Všeobecné, kombinované (vlastivědné)",2015,Hlavní překážkou jsou vždy finance.,0,"Nejsme s nimi spokojeni, mají mnoho závažných chyb",2,Jsou pod webem města 
24,24,6/8/2015 9:53:17,"1, 11",5 (dominantní činnost),1 (vůbec),4 (výrazně),3 (středně),3 (středně),3 (středně),1 (vůbec),4 (výrazně),Virtuální prohlídka,"1, 3, 4",Ne,1 - 10,Skupiny dospělých,"Všeobecné, kombinované (vlastivědné)",2012,,"1, 2","Nejsou dokonalé, ale plní svou funkci",0,
25,25,6/8/2015 10:19:43,"1, 2, 3, 5",5 (dominantní činnost),4 (výrazně),5 (dominantní činnost),3 (středně),3 (středně),2 (trochu),1 (vůbec),3 (středně),,"1, 2, 4, 5",Ano,1 - 10,Místní obyvatelé,Výtvarné umění,2015,,2,Nemáme webové stránky,0,
26,26,6/8/2015 10:41:28,"1, 2",3 (středně),4 (výrazně),4 (výrazně),3 (středně),3 (středně),2 (trochu),1 (vůbec),3 (středně),,"1, 2, 3, 4, 6",Ano,1 - 10,Školní exkurze,Umělecké obory ostatní,2012,"Co sse týká návštěvníků, nemáme vyhraněnou skupinu, codí k nám skoly, jsk jsem zatrhla, ale tké početná skupina cizinců z celého světa, skupiny seniorů a rodiny s dětmi.","1, 2","Nejsou dokonalé, ale plní svou funkci",0,
27,27,6/8/2015 10:44:21,"1, 2, 3, 4, 5",5 (dominantní činnost),2 (trochu),4 (výrazně),3 (středně),2 (trochu),3 (středně),4 (výrazně),3 (středně),,"1, 2",Ano,1 - 10,Místní obyvatelé,"Všeobecné, kombinované (vlastivědné)",2004,,1,"Nejsou dokonalé, ale plní svou funkci",0,více v jednom
28,28,6/8/2015 11:46:52,"1, 5, 8",5 (dominantní činnost),2 (trochu),2 (trochu),2 (trochu),2 (trochu),3 (středně),4 (výrazně),4 (výrazně),,"1, 2, 3, 5",Ano,1 - 10,Rodiny s dětmi,Archeologie a historie,2014,,"1, 2","Jsou dobré, nic není zásadně špatně",0,
29,29,6/8/2015 12:23:12,"1, 2, 3, 5, 6, 8, 10",5 (dominantní činnost),3 (středně),4 (výrazně),2 (trochu),2 (trochu),4 (výrazně),2 (trochu),2 (trochu),,"1, 2, 3, 5",Ano,1 - 10,Dospělí samostatní návštěvníci,Výtvarné umění,2015,,2,Nemáme webové stránky,2,Jsou pod webem města 
30,30,6/8/2015 12:38:31,"1, 2",3 (středně),2 (trochu),4 (výrazně),2 (trochu),2 (trochu),1 (vůbec),1 (vůbec),2 (trochu),Online databáze,"4, 6",Ano,1 - 10,Místní obyvatelé,"Všeobecné, kombinované (vlastivědné)",2010,"nemáme kmenové zaměstnance, jedná se o dobrovolnou činnost ","1, 2","Jsou dobré, nic není zásadně špatně",0,
31,31,6/8/2015 13:37:26,"1, 2",5 (dominantní činnost),3 (středně),3 (středně),2 (trochu),3 (středně),3 (středně),1 (vůbec),4 (výrazně),,"1, 2, 3, 4, 5",Ne,1 - 10,Dospělí samostatní návštěvníci,Etnografie (etnologie) a antropologie,2015,,"1, 2","Jsou dobré, nic není zásadně špatně",0,
32,32,6/8/2015 13:59:37,"1, 2, 3",5 (dominantní činnost),2 (trochu),5 (dominantní činnost),4 (výrazně),4 (výrazně),1 (vůbec),1 (vůbec),3 (středně),,1,Ne,1 - 10,Turisté,"Všeobecné, kombinované (vlastivědné)",1997,,0,Nemáme webové stránky,2,Jsou pod webem města 
33,33,6/8/2015 14:39:04,"1, 2, 3, 4, 5, 6, 9, 10",4 (výrazně),2 (trochu),4 (výrazně),3 (středně),3 (středně),4 (výrazně),4 (výrazně),3 (středně),,"1, 2, 3, 4, 5, 6",Ano,11 - 25,Rodiny s dětmi,"Všeobecné, kombinované (vlastivědné)",2014,,"1, 2","Jsou dobré, nic není zásadně špatně",0,
34,34,6/8/2015 15:19:57,"1, 2, 3, 5",5 (dominantní činnost),3 (středně),3 (středně),2 (trochu),1 (vůbec),3 (středně),2 (trochu),3 (středně),"Virtuální prohlídka, Online databáze","1, 2, 3, 4, 5, 6",Ano,1 - 10,Dospělí samostatní návštěvníci,Výtvarné umění,2014,"K otázkám 1 a 2 se mi špatně odpovídá, protože není jasné, zda se jedná o dozorčí službu (kustody) nebo galerijní pedagogy (animátory). V případě animátorů bych zaškrtl více věcí, které naše galerie používá a podobně..","1, 2, 3","Nejsou dokonalé, ale plní svou funkci",0,
35,35,6/8/2015 17:12:42,"1, 3, 5",5 (dominantní činnost),3 (středně),5 (dominantní činnost),4 (výrazně),4 (výrazně),1 (vůbec),3 (středně),2 (trochu),Virtuální prohlídka,"4, Burza minerálů a fosílií",Ne,1 - 10,Školní exkurze,Historie přírody a přírodovědné obory,2007,"Máme 0 zaměstnanců, průvodcujeme ve ""volném"" čase.","1, 2","Nejsme s nimi spokojeni, mají mnoho závažných chyb",0,
36,36,6/8/2015 20:24:46,"1, 2, 3, 4, 5, 8, 10",5 (dominantní činnost),2 (trochu),4 (výrazně),4 (výrazně),3 (středně),3 (středně),3 (středně),5 (dominantní činnost),Online databáze,"1, 2, 3, 4, 5, 6",Ne,1 - 10,Místní obyvatelé,"Všeobecné, kombinované (vlastivědné)",2012,,"1, 2","Jsou dobré, nic není zásadně špatně",0,
37,37,6/8/2015 21:20:52,"1, 2, 5, 6, 8, 11",4 (výrazně),3 (středně),2 (trochu),3 (středně),2 (trochu),4 (výrazně),4 (výrazně),3 (středně),"Online databáze, Virtuální výstava","1, 2, 3, 4, 5",Ano,1 - 10,Turisté,"Všeobecné, kombinované (vlastivědné)",2014,,"1, 2","Jsou dobré, nic není zásadně špatně",1,
38,38,6/8/2015 22:35:52,"1, 2, 5, 6, 8, 9",5 (dominantní činnost),2 (trochu),3 (středně),2 (trochu),2 (trochu),3 (středně),3 (středně),2 (trochu),,"1, 2, 3, 4, 5, 6",Ano,26 a více,Školní exkurze,"Všeobecné, kombinované (vlastivědné)",2015,,"1, 2, 3","Nejsou dokonalé, ale plní svou funkci",0,více v jednom 
39,39,6/9/2015 7:06:08,"1, 2, 3, 4, 5, 7, 11",3 (středně),3 (středně),4 (výrazně),2 (trochu),3 (středně),3 (středně),2 (trochu),3 (středně),,"1, 3, 5",Ano,1 - 10,Místní obyvatelé,"Všeobecné, kombinované (vlastivědné)",2014,,"1, 2","Nejsou dokonalé, ale plní svou funkci",1,
40,40,6/9/2015 7:20:03,"1, 2, 3, 4, 5, 7, 8, 10, 11",5 (dominantní činnost),2 (trochu),3 (středně),3 (středně),2 (trochu),2 (trochu),3 (středně),4 (výrazně),Online databáze,"1, 2, 3, 4, 5, 6",Ano,26 a více,Místní obyvatelé,"Všeobecné, kombinované (vlastivědné)",2014,,"1, 2","Nejsou dokonalé, ale plní svou funkci",2,Nejasný název muzea - http://muzeum.ji.cz/ 
41,41,6/9/2015 7:25:42,"1, 2, 3",5 (dominantní činnost),2 (trochu),4 (výrazně),2 (trochu),2 (trochu),1 (vůbec),2 (trochu),2 (trochu),Online databáze,"1, noční prohlídky pro všechny věkové kategorie",Ano,1 - 10,Rodiny s dětmi,"Všeobecné, kombinované (vlastivědné)",2008,,1,"Jsou dobré, nic není zásadně špatně",0,
42,42,6/9/2015 7:58:35,"1, 2, 5",5 (dominantní činnost),3 (středně),4 (výrazně),3 (středně),2 (trochu),2 (trochu),3 (středně),3 (středně),Online databáze,"1, 2",Ano,11 - 25,Turisté,"Všeobecné, kombinované (vlastivědné)",2015,Pouze finanční překážky.,"1, 2","Jsou dobré, nic není zásadně špatně",0,
43,44,6/9/2015 9:05:08,"1, 2, 3, 4, 5, 8, 10",5 (dominantní činnost),4 (výrazně),4 (výrazně),4 (výrazně),3 (středně),4 (výrazně),3 (středně),3 (středně),"Virtuální prohlídka, Online databáze","1, 2, 3, 4, 5, 6",Ano,11 - 25,Místní obyvatelé,Výtvarné umění,2014,"V otázce 2 - nemáme stálého průvodce, pouze průvodce pro komentované prohlídky. V otázce 10 bych potřebovala označit dvě skupiny, a to vedle místních obyvatel také školní skupiny. ","1, 2","Nejsou dokonalé, ale plní svou funkci",1,
44,45,6/9/2015 9:06:02,"1, 3, 8, 9",5 (dominantní činnost),3 (středně),4 (výrazně),2 (trochu),3 (středně),3 (středně),3 (středně),3 (středně),,"1, 2, 4",Ano,11 - 25,Školní exkurze,Archeologie a historie,2015,,"1, email","Nejsou dokonalé, ale plní svou funkci",0,
45,46,6/9/2015 9:13:04,"1, 2, 3, 4, 5, 6, 8, 9",5 (dominantní činnost),3 (středně),4 (výrazně),4 (výrazně),3 (středně),4 (výrazně),3 (středně),3 (středně),Virtuální výstava,"1, 2, 3, 4, 5, 6",Ano,11 - 25,Školní exkurze,Archeologie a historie,2012,,"1, 2, 3","Jsou dobré, nic není zásadně špatně",1,
46,47,6/9/2015 9:18:28,"1, 2, 3, 4, 5, 8, 10",5 (dominantní činnost),3 (středně),5 (dominantní činnost),5 (dominantní činnost),3 (středně),3 (středně),3 (středně),4 (výrazně),"Virtuální prohlídka, Online databáze","1, 2, 3, 4, 5, 6",Ano,1 - 10,Dospělí samostatní návštěvníci,Archeologie a historie,2010,"Nedostatek prostoru, nedostatek fuinančních prostředků.","1, 2","Jsou dobré, nic není zásadně špatně",0,
47,48,6/9/2015 9:25:19,"4, 5, 8, 10",5 (dominantní činnost),4 (výrazně),4 (výrazně),4 (výrazně),3 (středně),3 (středně),4 (výrazně),3 (středně),,"1, 3, 6",Ne,1 - 10,Turisté,"Všeobecné, kombinované (vlastivědné)",2012,,1,"Jsou dobré, nic není zásadně špatně",2,Nejasný název muzea 
48,49,6/9/2015 9:28:31,"1, 3",4 (výrazně),3 (středně),4 (výrazně),2 (trochu),2 (trochu),5 (dominantní činnost),1 (vůbec),3 (středně),Online databáze,"1, 2, 3, 4, 6",Ano,26 a více,Školní exkurze,Výtvarné umění,2008,,"1, 2","Nejsou dokonalé, ale plní svou funkci",0,více v jednom
49,50,6/9/2015 9:34:48,"1, 2, 3, 4, 5, 6, 8",5 (dominantní činnost),3 (středně),1 (vůbec),1 (vůbec),1 (vůbec),3 (středně),3 (středně),3 (středně),"Online databáze, Virtuální výstava","1, 2, 3, 4, 5, 6",Ano,26 a více,Dospělí samostatní návštěvníci,Výtvarné umění,2015,,"1, 2, 3","Nejsou dokonalé, ale plní svou funkci",0,
50,51,6/9/2015 11:37:16,"1, 2, 3, 4, 8, 10",5 (dominantní činnost),3 (středně),4 (výrazně),3 (středně),3 (středně),3 (středně),3 (středně),3 (středně),Online databáze,1,Ano,1 - 10,Rodiny s dětmi,"Všeobecné, kombinované (vlastivědné)",2010,,1,"Nejsou dokonalé, ale plní svou funkci",0,
51,52,6/9/2015 12:29:48,"1, 7, 8",5 (dominantní činnost),2 (trochu),5 (dominantní činnost),2 (trochu),1 (vůbec),2 (trochu),4 (výrazně),3 (středně),,,Ne,1 - 10,Turisté,Historie přírody a přírodovědné obory,2007,,1,"Nejsou dokonalé, ale plní svou funkci",0,
52,53,6/9/2015 13:31:46,1,3 (středně),3 (středně),3 (středně),2 (trochu),2 (trochu),2 (trochu),1 (vůbec),3 (středně),Online databáze,"1, 3, 4",Ano,1 - 10,Dospělí samostatní návštěvníci,"Všeobecné, kombinované (vlastivědné)",2013,,"1, 2","Nejsou dokonalé, ale plní svou funkci",0,
53,54,6/9/2015 14:03:37,"1, 2, 3, 10",4 (výrazně),3 (středně),3 (středně),2 (trochu),3 (středně),2 (trochu),1 (vůbec),3 (středně),Online databáze,"1, 2, 3, 5",Ano,1 - 10,Místní obyvatelé,"Všeobecné, kombinované (vlastivědné)",2009,,1,"Nejsou dokonalé, ale plní svou funkci",0,
54,55,6/9/2015 14:10:56,"1, 3, 5, 9, 10",3 (středně),2 (trochu),3 (středně),2 (trochu),2 (trochu),2 (trochu),3 (středně),4 (výrazně),Virtuální prohlídka,"1, 2, 3, 4",Uvažujeme o tom,26 a více,Školní exkurze,"Všeobecné, kombinované (vlastivědné)",2015,,"1, 2","Nejsou dokonalé, ale plní svou funkci",1,
55,56,6/9/2015 14:20:35,"1, 2, 3, 4, 5, 8, 9, 10",5 (dominantní činnost),4 (výrazně),4 (výrazně),3 (středně),4 (výrazně),3 (středně),5 (dominantní činnost),3 (středně),Virtuální prohlídka,"2, 3, 4",Ne,1 - 10,Turisté,Věda a technika,2015,,"1, 2, 3","Jsou dobré, nic není zásadně špatně",1,
56,57,6/9/2015 14:25:16,"1, 2",5 (dominantní činnost),3 (středně),3 (středně),2 (trochu),2 (trochu),1 (vůbec),1 (vůbec),2 (trochu),,1,Ne,1 - 10,Dospělí samostatní návštěvníci,"Všeobecné, kombinované (vlastivědné)",2008,,0,Nemáme webové stránky,2,
57,58,6/9/2015 14:31:46,"1, 2, 3, 4, 5, 6, 7, 8, 10",5 (dominantní činnost),3 (středně),3 (středně),3 (středně),3 (středně),2 (trochu),3 (středně),3 (středně),Virtuální prohlídka,"1, 2, 3, 4, 5, 6, kostýmované a jiné prohlídky",Uvažujeme o tom,26 a více,Turisté,Archeologie a historie,2010,hlavní skupiny návštěvníků (č.10) jsou během roku proměnlivé,"1, 2, 3","Nejsou dokonalé, ale plní svou funkci",1,
58,59,6/9/2015 14:58:04,"1, 2, 5, 10",4 (výrazně),3 (středně),3 (středně),2 (trochu),3 (středně),3 (středně),4 (výrazně),3 (středně),Online databáze,"1, 2, 3, 4",Ano,1 - 10,Školní exkurze,Historie přírody a přírodovědné obory,1990,,"1, 2","Jsou dobré, nic není zásadně špatně",0,
59,60,6/9/2015 15:05:28,"1, 3, 5",4 (výrazně),3 (středně),5 (dominantní činnost),4 (výrazně),4 (výrazně),1 (vůbec),1 (vůbec),3 (středně),,"1, 2, 4, 5, 6",Ne,1 - 10,Skupiny dospělých,Věda a technika,2014,,"1, 2","Jsou dobré, nic není zásadně špatně",1,
60,61,6/9/2015 16:51:59,"1, 2, 5, 8, 10",4 (výrazně),3 (středně),5 (dominantní činnost),3 (středně),4 (výrazně),3 (středně),4 (výrazně),2 (trochu),,"2, 3, 4",Ano,1 - 10,Rodiny s dětmi,"Všeobecné, kombinované (vlastivědné)",2013,,"1, 2","Jsou dobré, nic není zásadně špatně",0,DUPLICITA
61,63,6/10/2015 7:18:42,"1, 2, 3, 4, 8",4 (výrazně),2 (trochu),4 (výrazně),2 (trochu),1 (vůbec),1 (vůbec),3 (středně),2 (trochu),,"1, 2, 5, 6",Ano,1 - 10,Turisté,"Všeobecné, kombinované (vlastivědné)",2013,,0,"Nejsou dokonalé, ale plní svou funkci",2,Jsou pod webem města 
62,64,6/10/2015 7:56:53,"1, 2, 3, 4, 5, 6, 8, 9",5 (dominantní činnost),3 (středně),4 (výrazně),3 (středně),2 (trochu),3 (středně),4 (výrazně),3 (středně),"Virtuální prohlídka, Online databáze","1, 2, 3, 4, 5",Ano,26 a více,Dospělí samostatní návštěvníci,"Všeobecné, kombinované (vlastivědné)",2013,,"1, 2","Jsou dobré, nic není zásadně špatně",1,
63,65,6/10/2015 7:58:35,"1, 2, 3, 4, 5, 8",5 (dominantní činnost),3 (středně),5 (dominantní činnost),2 (trochu),2 (trochu),3 (středně),3 (středně),3 (středně),Virtuální prohlídka,"1, 2, 3, 4, 5, 6",Ano,26 a více,Školní exkurze,"Všeobecné, kombinované (vlastivědné)",2014,,"1, 2","Jsou dobré, nic není zásadně špatně",0,
64,66,6/10/2015 8:03:48,"1, 3, 4, 5, 7, 8, 11",5 (dominantní činnost),2 (trochu),3 (středně),4 (výrazně),2 (trochu),3 (středně),4 (výrazně),4 (výrazně),Virtuální prohlídka,"1, 2, 3, 4, 5",Ano,11 - 25,Skupiny dospělých,"Všeobecné, kombinované (vlastivědné)",2012,,"1, 2","Nejsou dokonalé, ale plní svou funkci",0,
65,67,6/10/2015 8:19:30,"1, 2, 3, 4, 5, 8",5 (dominantní činnost),2 (trochu),4 (výrazně),3 (středně),2 (trochu),3 (středně),3 (středně),4 (výrazně),,"1, 2, 3, 4",Ano,11 - 25,Rodiny s dětmi,"Všeobecné, kombinované (vlastivědné)",2011,,"1, 2, Twitter, google+","Jsou dobré, nic není zásadně špatně",1,
66,68,6/10/2015 8:32:14,"1, 2, 3, 4, 5, 6, 8, 9, 10",3 (středně),2 (trochu),2 (trochu),1 (vůbec),1 (vůbec),2 (trochu),1 (vůbec),3 (středně),"Online databáze, Virtuální výstava, e-muzeum","1, 2, 3, 4, 5, 6",Ano,26 a více,Rodiny s dětmi,"Všeobecné, kombinované (vlastivědné)",2012,"ve spolupráci s Wikimedia ČR jsme aktualizovali několik jejich stránek o heslech a pomocí QR kódů na vitrínách a bezplatné wifi umožnili návštěvníkovi dozvědět se o předmětu, osobnosti nebo tématu více než z popisku nebo výkladu průvodce. to se týká jen Historické výstavní budovy, tam a v památníku II. světové války máme dotykové informační kiosky, ale je to docela náročné spravovat, natož obměňovat obsah, využíváme reproduktory především pro ozvučení expozice v HVB a taky skleníkové expozice v arboretu, projektory a LED tv používáme pro slideshow nebo prezentaci audiovizuálních děl. jednou jsme si nechali zpracovat 3D vizualizaci nejstaršího - Opavského gymnazijního muzea, jeho původních prostor, v arboretu nám jedna firma nabídla bezplatné 360 ° virtuální prohlídky venkovních prostor. Osobně bych nové technologie používal velmi z rozvahou, jednak to stojí dost peněz a času na provoz a je lepší, když tam není nic než něco, co je vypnuté nebo nefunkční. jiná otázka je komunikace přes web a mobilní aplikace a sociální sítě, rád bych třeba aby muzeum svůj program dostalo na Issuu, ale to není otázka na mě. ","1, 2","Nejsou dokonalé, ale plní svou funkci",0,
67,69,6/10/2015 8:35:26,"1, 2, 4",5 (dominantní činnost),3 (středně),5 (dominantní činnost),4 (výrazně),1 (vůbec),1 (vůbec),1 (vůbec),3 (středně),,,Ne,1 - 10,Turisté,"Všeobecné, kombinované (vlastivědné)",2013,nemáme žádného zaměstnance,0,Nemáme webové stránky,0,vylepšili 
68,70,6/10/2015 9:14:44,"1, 2",5 (dominantní činnost),3 (středně),5 (dominantní činnost),4 (výrazně),4 (výrazně),4 (výrazně),1 (vůbec),3 (středně),,"1, 3, 4, 5",Ne,1 - 10,Turisté,"Všeobecné, kombinované (vlastivědné)",1995,,portály,Nemáme webové stránky,2,Jsou pod webem města 
69,71,6/10/2015 9:29:55,"1, 2, 3, 4, 5, 9, 11",5 (dominantní činnost),4 (výrazně),4 (výrazně),3 (středně),2 (trochu),2 (trochu),1 (vůbec),2 (trochu),Online databáze,"1, 5, 7",Ano,1 - 10,Turisté,Archeologie a historie,2015,Překážkami jsou nedostatečné finanční a lidské zdroje.,0,Nemáme webové stránky,2,Jsou pod webem města 
70,72,6/10/2015 9:40:03,"1, 2, 3, 4, 5, 8",4 (výrazně),3 (středně),5 (dominantní činnost),4 (výrazně),1 (vůbec),3 (středně),3 (středně),4 (výrazně),"Virtuální prohlídka, Online databáze, Vzdělávací projekty","1, 2, 3, 6, 7",Ano,26 a více,Školní exkurze,Ostatní,2015,,"1, 2","Nejsou dokonalé, ale plní svou funkci",1,
71,73,6/10/2015 10:00:26,"1, 3, 4, 5, 8, 10",5 (dominantní činnost),2 (trochu),3 (středně),2 (trochu),1 (vůbec),3 (středně),4 (výrazně),4 (výrazně),,"1, 2, 3, 4",Uvažujeme o tom,1 - 10,Dospělí samostatní návštěvníci,Etnografie (etnologie) a antropologie,2013,,"1, 2","Jsou dobré, nic není zásadně špatně",1,
72,74,6/10/2015 10:12:30,"1, 2, 3, 4, 5, 8",5 (dominantní činnost),3 (středně),5 (dominantní činnost),3 (středně),3 (středně),1 (vůbec),4 (výrazně),2 (trochu),Virtuální prohlídka,"1, 2, 4, 6",Ne,1 - 10,Dospělí samostatní návštěvníci,Etnografie (etnologie) a antropologie,2010,,"1, 2","Nejsou dokonalé, ale plní svou funkci",1,více v jednom
73,75,6/10/2015 10:16:38,"1, 3, 4, 5, 6, 8",3 (středně),3 (středně),5 (dominantní činnost),4 (výrazně),1 (vůbec),3 (středně),3 (středně),3 (středně),"Virtuální prohlídka, Online databáze, Virtuální výstava","1, 2, 3, 4, 5, 6",Ano,26 a více,Turisté,"Všeobecné, kombinované (vlastivědné)",2015,,"1, 2, youtube, TripAdvisor, Twitter","Jsou dobré, nic není zásadně špatně",1,více v jednom
74,77,6/10/2015 11:04:33,"1, 2, 5",5 (dominantní činnost),5 (dominantní činnost),5 (dominantní činnost),4 (výrazně),3 (středně),5 (dominantní činnost),3 (středně),5 (dominantní činnost),Online databáze,"1, 2, 3, 4, 5, 6",Ano,11 - 25,Dospělí samostatní návštěvníci,Výtvarné umění,2012,,"1, 2","Nejsou dokonalé, ale plní svou funkci",0,
75,78,6/10/2015 11:14:58,"1, 2, 3, 4, 5, 6, 7, 8, 9, 10, 11",5 (dominantní činnost),3 (středně),4 (výrazně),3 (středně),3 (středně),3 (středně),3 (středně),3 (středně),"Virtuální prohlídka, Online databáze","1, 2, 3, 4, 5, 6",Ano,26 a více,Školní exkurze,Ostatní,2014,"bod 11 - v SM  v UH, nepřevládá jednoznačně žádný obor, jsou zde 4 rovnocenné obry a stálé expozice (nově instalované v průběhu asi 15 let) - etnografie (původně zcela převládající obor, dnes rovnocenný s ostatními obory, archeologie, historie, dějiny umění: Hlavní budova SM ve Smetanových sadech 179 - stálá expozice etnografická, + 2 sály na krátkodobé výstavy všech oborů ve SM; Galerie SM, Otakarova 103 - výtvarné umění - stálá expozice Výtvarné umění jihovýchodní Moravy, další 3 sály proměnlivé výstavy; Památník Velké Moravy ve Starém Městě- archeologická stálá expozice, Vlčnov - Muzeum pálenic - etnografická stálá expozice; Topolná - expozice etnografická expozice, bydlení, lidové stavitelství, rybářství; stálá expozice historická v jezuitské koleji (mimo budovy SM)","1, 2, 3","Jsou dobré, nic není zásadně špatně",0,
76,79,6/10/2015 11:38:55,"1, 4, 5, 8",4 (výrazně),3 (středně),4 (výrazně),2 (trochu),2 (trochu),4 (výrazně),3 (středně),2 (trochu),,"1, 2, 3, 4, 6",Ano,1 - 10,Školní exkurze,Ostatní,2009,,"1, 2","Nejsou dokonalé, ale plní svou funkci",0,více v jednom
77,80,6/10/2015 13:18:18,"1, 2, 4, 5",5 (dominantní činnost),2 (trochu),4 (výrazně),3 (středně),2 (trochu),2 (trochu),3 (středně),2 (trochu),Online databáze,"1, 2, 3, 4",Ne,11 - 25,Dospělí samostatní návštěvníci,"Všeobecné, kombinované (vlastivědné)",2015,,"1, 2","Jsou dobré, nic není zásadně špatně",0,
78,81,6/10/2015 13:24:29,"1, 5",5 (dominantní činnost),1 (vůbec),5 (dominantní činnost),3 (středně),3 (středně),1 (vůbec),2 (trochu),1 (vůbec),,"1, 2, 4, 5",Ano,1 - 10,Turisté,"Všeobecné, kombinované (vlastivědné)",2012,,0,"Nejsou dokonalé, ale plní svou funkci",2,Jsou pod webem města 
79,82,6/10/2015 14:17:09,"1, 4, 5, 8, 12",4 (výrazně),2 (trochu),4 (výrazně),2 (trochu),3 (středně),4 (výrazně),3 (středně),3 (středně),"Virtuální prohlídka, Vzdělávací projekty","3, 4, 5, 6, 7",Ano,26 a více,Dospělí samostatní návštěvníci,"Všeobecné, kombinované (vlastivědné)",2013,"Plánujeme mobilní aplikaci s prvky rozšířenou realitou, rádi bychom jednu z našich expozic oživili mobilní aplikací s prvky gamifikace, ale hlavní překážkou je nedostatek finančních prostředků zhoršená výpadkem zdrojů z EU, respektive nemožností žádat o tyto zdroje","1, 2, youtube, Twitter","Nejsme s nimi spokojeni, mají mnoho závažných chyb",1,
80,83,6/10/2015 15:01:08,"1, 3, 5, 8, 9",4 (výrazně),3 (středně),4 (výrazně),2 (trochu),2 (trochu),2 (trochu),3 (středně),3 (středně),Virtuální prohlídka,"3, 6",Ne,1 - 10,Školní exkurze,Věda a technika,2014,,0,"Jsou dobré, nic není zásadně špatně",2,web pod webem firmy 
81,84,6/10/2015 16:22:04,1,4 (výrazně),3 (středně),5 (dominantní činnost),5 (dominantní činnost),5 (dominantní činnost),1 (vůbec),2 (trochu),3 (středně),Virtuální prohlídka,"1, 2, 4, 5",Ano,1 - 10,Rodiny s dětmi,Výtvarné umění,2012,,2,"Nejsou dokonalé, ale plní svou funkci",2,web pod webem firmy 
82,85,6/10/2015 16:34:56,"1, 2",3 (středně),2 (trochu),4 (výrazně),3 (středně),3 (středně),2 (trochu),1 (vůbec),2 (trochu),Online databáze,"1, 2, 3, 5",Uvažujeme o tom,1 - 10,Turisté,"Všeobecné, kombinované (vlastivědné)",2013,,"1, 2","Nejsou dokonalé, ale plní svou funkci",0,
83,86,6/11/2015 8:17:03,"1, 5",4 (výrazně),3 (středně),4 (výrazně),2 (trochu),2 (trochu),1 (vůbec),2 (trochu),3 (středně),,"1, 2, 4",Ano,11 - 25,Dospělí samostatní návštěvníci,Výtvarné umění,2001,,"1, 2","Nejsou dokonalé, ale plní svou funkci",1,
84,87,6/11/2015 9:38:22,"1, 4, 5, 6",3 (středně),4 (výrazně),1 (vůbec),1 (vůbec),1 (vůbec),3 (středně),4 (výrazně),4 (výrazně),Online databáze,"3, 4",Ne,1 - 10,Turisté,Umělecké obory ostatní,2012,,"1, 2","Nejsou dokonalé, ale plní svou funkci",0,více v jednom
85,88,6/11/2015 10:28:10,"1, 2",4 (výrazně),3 (středně),4 (výrazně),2 (trochu),2 (trochu),2 (trochu),1 (vůbec),2 (trochu),Online databáze,"2, 3",Ne,1 - 10,Turisté,Umělecké obory ostatní,1990,"nutnost obnovy expozice, ale pouze 3 zaměstnanci a nedostatek financí",0,Nemáme webové stránky,0,více v jednom
86,89,6/11/2015 11:18:45,"1, 2",4 (výrazně),3 (středně),4 (výrazně),4 (výrazně),2 (trochu),1 (vůbec),1 (vůbec),3 (středně),Online databáze,6,Ne,1 - 10,Školní exkurze,Věda a technika,2013,,0,"Jsou dobré, nic není zásadně špatně",2,web pod webem firmy 
87,90,6/11/2015 20:24:18,"1, 2, 3, 4, 5, 6, 7",5 (dominantní činnost),4 (výrazně),4 (výrazně),2 (trochu),2 (trochu),2 (trochu),1 (vůbec),2 (trochu),,"1, 2, 3, 4, 5, 6",Ano,1 - 10,Školní exkurze,Výtvarné umění,2014,,"1, 2","Nejsou dokonalé, ale plní svou funkci",1,vylepšili
88,91,6/12/2015 6:47:03,1,5 (dominantní činnost),3 (středně),2 (trochu),2 (trochu),1 (vůbec),3 (středně),1 (vůbec),2 (trochu),Virtuální prohlídka,2,Ne,1 - 10,Rodiny s dětmi,Archeologie a historie,2010,,2,"Nejsou dokonalé, ale plní svou funkci",2,web pod webem firmy / farnosti
89,92,6/13/2015 11:24:03,"1, 2, 3, 5",5 (dominantní činnost),4 (výrazně),4 (výrazně),3 (středně),3 (středně),1 (vůbec),1 (vůbec),3 (středně),Virtuální prohlídka,"1, 4",Uvažujeme o tom,1 - 10,Školní exkurze,Věda a technika,2012,,0,"Nejsou dokonalé, ale plní svou funkci",2,Jsou pod webem města 
90,93,6/13/2015 13:37:40,"1, 2, 3, 5, 7, 11",5 (dominantní činnost),3 (středně),4 (výrazně),2 (trochu),1 (vůbec),2 (trochu),4 (výrazně),4 (výrazně),Virtuální prohlídka,"1, 2, 3, 4, 6",Ano,26 a více,Školní exkurze,Archeologie a historie,2009,,"1, 2","Nejsou dokonalé, ale plní svou funkci",0,
91,94,6/15/2015 6:59:16,1,5 (dominantní činnost),4 (výrazně),5 (dominantní činnost),4 (výrazně),2 (trochu),2 (trochu),1 (vůbec),2 (trochu),,"3, 4",Ne,1 - 10,Rodiny s dětmi,Archeologie a historie,2015,,1,"Jsou dobré, nic není zásadně špatně",1,
92,96,6/15/2015 15:34:24,1,4 (výrazně),3 (středně),4 (výrazně),4 (výrazně),4 (výrazně),2 (trochu),1 (vůbec),3 (středně),Virtuální prohlídka,"1, 2, 3, 4, 5",Ano,11 - 25,Dospělí samostatní návštěvníci,"Všeobecné, kombinované (vlastivědné)",2010,,"1, 2","Nejsou dokonalé, ale plní svou funkci",0,
93,97,6/15/2015 21:23:23,"1, 11",5 (dominantní činnost),3 (středně),4 (výrazně),4 (výrazně),2 (trochu),1 (vůbec),1 (vůbec),3 (středně),,"4, 5, 6",Ne,1 - 10,Turisté,Historie přírody a přírodovědné obory,2015,Budeme zavádět tištěné průvodce v angličtině a němčině i češtině.,2,"Nejsou dokonalé, ale plní svou funkci",2,nefungující url ????
94,98,6/15/2015 22:08:27,"1, 3",3 (středně),2 (trochu),3 (středně),2 (trochu),3 (středně),1 (vůbec),1 (vůbec),4 (výrazně),Virtuální výstava,setkání soukromých sběratelů technických předmětů související s naší expozicí,Ne,1 - 10,Turisté,Věda a technika,2012,,1,"Nejsou dokonalé, ale plní svou funkci",0,
95,99,6/16/2015 7:04:14,"1, 3, 4, 5, 9, 10, 11",5 (dominantní činnost),3 (středně),5 (dominantní činnost),3 (středně),2 (trochu),3 (středně),2 (trochu),2 (trochu),Online databáze,"2, 3, 4, 6",Ano,26 a více,Skupiny dospělých,Etnografie (etnologie) a antropologie,2013,,"1, 2","Nejsou dokonalé, ale plní svou funkci",1,
96,100,6/16/2015 10:44:02,"1, 5, 8",5 (dominantní činnost),3 (středně),4 (výrazně),3 (středně),2 (trochu),1 (vůbec),4 (výrazně),3 (středně),,"1, 2, 5, 6",Ano,1 - 10,Turisté,"Všeobecné, kombinované (vlastivědné)",2013,,1,"Jsou dobré, nic není zásadně špatně",0,více v jednom
97,101,6/16/2015 12:51:10,"1, 2, 5, 6, 8, 9, 10",5 (dominantní činnost),3 (středně),4 (výrazně),4 (výrazně),4 (výrazně),3 (středně),3 (středně),4 (výrazně),,"1, 2, 3, 4, 5",Ano,26 a více,Dospělí samostatní návštěvníci,Umělecké obory ostatní,2015,,"1, 2","Nejsme s nimi spokojeni, mají mnoho závažných chyb",0,více v jednom
98,102,6/17/2015 11:10:09,"1, 2, 10",5 (dominantní činnost),3 (středně),3 (středně),2 (trochu),3 (středně),1 (vůbec),1 (vůbec),2 (trochu),Virtuální prohlídka,"1, 2, 4, 6",Ano,1 - 10,Školní exkurze,"Všeobecné, kombinované (vlastivědné)",2015,Jako nutnost vidím zřídit FB nebo samostatné Webové stránky,0,Nemáme webové stránky,2,Jsou pod webem města 
99,104,6/19/2015 13:43:16,"1, 5",5 (dominantní činnost),2 (trochu),4 (výrazně),2 (trochu),2 (trochu),3 (středně),2 (trochu),2 (trochu),,,Ne,1 - 10,Turisté,"Všeobecné, kombinované (vlastivědné)",2000,"Byl bych raději, kdybych mohl tento dotazník vyplnit až za několik let. Naše muzeum je ve stádiu komplexní přestavby a mnoho záležitostí, kterých se dotazník týká, je pro nás kýženou hudbou budoucnosti. Z dotazníku pak může vyplývat, že nás podobné záležitosti nezajímají, ale skutečnost je taková, že se na ně zatím nedostalo.","1, 2","Nejsou dokonalé, ale plní svou funkci",0,
100,105,6/20/2015 8:05:01,"1, 2, 5, 8",5 (dominantní činnost),3 (středně),4 (výrazně),3 (středně),2 (trochu),3 (středně),3 (středně),2 (trochu),Virtuální prohlídka,"1, 2, 3, 4, 6",Ano,26 a více,Školní exkurze,Věda a technika,2012,,1,"Nejsou dokonalé, ale plní svou funkci",0,
101,106,6/21/2015 19:48:40,"1, 2, 7, 4",5 (dominantní činnost),3 (středně),3 (středně),3 (středně),3 (středně),3 (středně),1 (vůbec),2 (trochu),,"1, 2, 3, 5, 6",Ano,1 - 10,Školní exkurze,"Všeobecné, kombinované (vlastivědné)",2005,"3D předměty a prohlídky zámku, on-line databáze knihovny a sbírek_jejich plná digitalizace","1, 2","Nejsou dokonalé, ale plní svou funkci",0,
102,107,6/23/2015 13:50:07,"1, 2, 4, 5, 7, 10, 11",5 (dominantní činnost),3 (středně),4 (výrazně),3 (středně),3 (středně),4 (výrazně),2 (trochu),3 (středně),Online databáze,"1, 2, 3, 4, 5, 6",Ano,26 a více,Školní exkurze,"Všeobecné, kombinované (vlastivědné)",2002,Hlavní a jedinou překážkou při zavádění změn je nedostaterk finančních prostředků.,"1, 2","Jsou dobré, nic není zásadně špatně",0,
103,108,7/20/2015 16:49:03,"1, 2, 4, 5, 7, 10, 13 ",4 (výrazně),3 (středně),3 (středně),3 (středně),4 (výrazně),2 (trochu),2 (trochu),2 (trochu),,"1, 5, 6",Ano,1 - 10,Místní obyvatelé,"Všeobecné, kombinované (vlastivědné)",2009,,1,"Nejsou dokonalé, ale plní svou funkci",0,
104,109,11/18/2015 7:10:58,5,5 (dominantní činnost),3 (středně),5 (dominantní činnost),5 (dominantní činnost),5 (dominantní činnost),1 (vůbec),5 (dominantní činnost),5 (dominantní činnost),,"5, 6",Ne,1 - 10,Turisté,Věda a technika,2014,,0,Nemáme webové stránky,2,"??? Není jasný název muzea, samii trvdí, že web nemají "
105,110,11/18/2015 7:43:58,"1, 2, 11",4 (výrazně),3 (středně),4 (výrazně),3 (středně),2 (trochu),1 (vůbec),1 (vůbec),3 (středně),,5,,1 - 10,Turisté,Ostatní,2003,"Muzeum je velmi malé, nemáme žádného pracovníka, prohlídky jsou na objednávku, provádí pan starosta v kroji a 1x ročně je otevřeno o pouti po celý víkend všem návštěvníkům zdarma.",0,,2,"web města, chybí záložka o muzeu "
106,111,11/18/2015 8:24:59,"1, 2, 4, 5, 8, 10, 11",4 (výrazně),4 (výrazně),3 (středně),3 (středně),2 (trochu),4 (výrazně),4 (výrazně),3 (středně),,"1, 4, 5",Uvažujeme o tom,1 - 10,Turisté,Věda a technika,2015,,"1, 2, 3","Jsou dobré, nic není zásadně špatně",0,více v jednom
107,112,11/18/2015 8:32:34,"1, 2",4 (výrazně),2 (trochu),4 (výrazně),2 (trochu),2 (trochu),1 (vůbec),1 (vůbec),3 (středně),Online databáze,"1, 4",Ne,1 - 10,Rodiny s dětmi,Umělecké obory ostatní,2013,,1,"Nejsou dokonalé, ale plní svou funkci",0,více v jednom
108,113,11/18/2015 8:49:28,"1, 4, 5, 9, 10",5 (dominantní činnost),2 (trochu),1 (vůbec),1 (vůbec),1 (vůbec),2 (trochu),1 (vůbec),2 (trochu),,"1, 2, 3, 4, 5",Ano,1 - 10,Turisté,Etnografie (etnologie) a antropologie,1995,,1,"Jsou dobré, nic není zásadně špatně",1,
109,115,11/18/2015 9:19:41,2,4 (výrazně),4 (výrazně),4 (výrazně),4 (výrazně),4 (výrazně),4 (výrazně),4 (výrazně),4 (výrazně),Virtuální prohlídka,"1, 4",Ano,1 - 10,Turisté,"Všeobecné, kombinované (vlastivědné)",2015,,"1, 2","Jsou dobré, nic není zásadně špatně",1,
110,116,11/18/2015 9:51:51,1,5 (dominantní činnost),1 (vůbec),3 (středně),1 (vůbec),1 (vůbec),1 (vůbec),1 (vůbec),1 (vůbec),Virtuální prohlídka,2,Ano,1 - 10,Skupiny dospělých,Výtvarné umění,2015,,"1, 2","Nejsou dokonalé, ale plní svou funkci",1,
111,117,11/18/2015 9:56:13,2,4 (výrazně),2 (trochu),4 (výrazně),2 (trochu),2 (trochu),2 (trochu),2 (trochu),2 (trochu),"Online databáze, Virtuální výstava",1,Ne,1 - 10,Turisté,Věda a technika,2015,,1,"Jsou dobré, nic není zásadně špatně",0,více v jednom
112,118,11/18/2015 10:10:48,"1, 2, 3, 4, 5",4 (výrazně),3 (středně),4 (výrazně),2 (trochu),3 (středně),4 (výrazně),4 (výrazně),4 (výrazně),Virtuální prohlídka,"1, 3, 4, 5",Ano,1 - 10,Místní obyvatelé,"Všeobecné, kombinované (vlastivědné)",2014,,"1, 2","Nejsou dokonalé, ale plní svou funkci",0,
113,119,11/18/2015 10:25:30,"1, 5, 8, 11",4 (výrazně),2 (trochu),5 (dominantní činnost),3 (středně),3 (středně),2 (trochu),3 (středně),3 (středně),Online databáze,"1, 2, 3, 6",Ano,1 - 10,Školní exkurze,Výtvarné umění,2015,Vytvořit nové webové stránky,"1, 2","Nejsou dokonalé, ale plní svou funkci",0,
114,120,11/18/2015 10:31:48,"1, 2, 3, 4, 5, 6, 8",5 (dominantní činnost),3 (středně),4 (výrazně),3 (středně),2 (trochu),3 (středně),3 (středně),3 (středně),"Virtuální prohlídka, Online databáze","1, 2, 3, 4, 5, 6",Ano,11 - 25,Místní obyvatelé,Výtvarné umění,2014,,"1, 2","Nejsou dokonalé, ale plní svou funkci",0,
115,121,11/18/2015 10:32:58,"1, 2, 8",4 (výrazně),3 (středně),4 (výrazně),4 (výrazně),3 (středně),1 (vůbec),3 (středně),4 (výrazně),Virtuální prohlídka,"1, 2, 5, 6",Ne,11 - 25,Rodiny s dětmi,"Všeobecné, kombinované (vlastivědné)",2009,,"1, 2","Nejsou dokonalé, ale plní svou funkci",0,
116,122,11/18/2015 10:36:06,"1, 2, 5, 8",5 (dominantní činnost),4 (výrazně),5 (dominantní činnost),3 (středně),2 (trochu),3 (středně),2 (trochu),3 (středně),Virtuální prohlídka,"1, 2, 3, 4, 6",Ano,1 - 10,Místní obyvatelé,"Všeobecné, kombinované (vlastivědné)",2015,,"1, 2","Jsou dobré, nic není zásadně špatně",1,
117,123,11/18/2015 10:40:49,"1, 2, 3, 5",4 (výrazně),2 (trochu),4 (výrazně),2 (trochu),2 (trochu),1 (vůbec),2 (trochu),3 (středně),,"1, 5",Ano,1 - 10,Turisté,"Všeobecné, kombinované (vlastivědné)",2013,překážkou jsou hlavně finanční prostředky,"1, 2","Nejsou dokonalé, ale plní svou funkci",0,
118,124,11/18/2015 11:08:57,"1, 2, 3, 5, 7, 10",3 (středně),2 (trochu),4 (výrazně),2 (trochu),2 (trochu),2 (trochu),1 (vůbec),3 (středně),Virtuální prohlídka,"1, 2, 3, 4, 5, 6",Ne,1 - 10,Rodiny s dětmi,Umělecké obory ostatní,2012,,1,"Jsou dobré, nic není zásadně špatně",0,
119,126,11/18/2015 13:16:22,"1, 2, 5",5 (dominantní činnost),4 (výrazně),3 (středně),3 (středně),2 (trochu),1 (vůbec),2 (trochu),3 (středně),,,Ne,11 - 25,Turisté,Výtvarné umění,1998,,"1, 2","Nejsou dokonalé, ale plní svou funkci",1,
120,127,11/18/2015 14:25:34,"1, 2, 3, 4, 5",5 (dominantní činnost),4 (výrazně),4 (výrazně),3 (středně),2 (trochu),2 (trochu),1 (vůbec),3 (středně),,"1, 5",Uvažujeme o tom,1 - 10,Dospělí samostatní návštěvníci,"Všeobecné, kombinované (vlastivědné)",1999,,"1, 2, google+","Jsou dobré, nic není zásadně špatně",0,
121,128,11/18/2015 14:40:47,"2, 3, 5, 10",5 (dominantní činnost),2 (trochu),5 (dominantní činnost),3 (středně),1 (vůbec),3 (středně),2 (trochu),3 (středně),Online databáze,"1, 2, 3, 5, 6",Ano,1 - 10,Turisté,Ostatní,2014,"Jsme museum jednoho domu, ta mají svá specifika. Velmi často se liší od běžných muzejních expozic","1, 2, 3","Nejsou dokonalé, ale plní svou funkci",1,
122,129,11/18/2015 15:39:22,"1, 3, 5, 8",5 (dominantní činnost),4 (výrazně),3 (středně),3 (středně),2 (trochu),4 (výrazně),4 (výrazně),2 (trochu),,"1, 2, 3, 6",Ano,1 - 10,Školní exkurze,"Všeobecné, kombinované (vlastivědné)",2010,o peníze jde až v 1. řadě,1,"Jsou dobré, nic není zásadně špatně",0,
123,130,11/18/2015 17:48:06,1,4 (výrazně),3 (středně),5 (dominantní činnost),4 (výrazně),3 (středně),3 (středně),1 (vůbec),3 (středně),,,Ne,1 - 10,Školní exkurze,Umělecké obory ostatní,2008,,0,"Nejsme s nimi spokojeni, mají mnoho závažných chyb",0,
124,131,11/18/2015 19:07:21,"1, 2, 5, 10",3 (středně),2 (trochu),3 (středně),2 (trochu),3 (středně),4 (výrazně),2 (trochu),4 (výrazně),Online databáze,"1, 2, 3, 4, 5",Ano,11 - 25,Dospělí samostatní návštěvníci,Ostatní,2011,,"1, 2","Nejsou dokonalé, ale plní svou funkci",0,
125,132,11/18/2015 20:11:53,"1, 3, 4, 6",5 (dominantní činnost),3 (středně),4 (výrazně),2 (trochu),2 (trochu),3 (středně),2 (trochu),3 (středně),,"1, 2, 3, 4, 6",Ano,11 - 25,Skupiny dospělých,"Všeobecné, kombinované (vlastivědné)",1999,Největší handicap je nedostatek financí a nechuť cca poloviny zaměstnanců změny provádět.,"1, 2","Nejsou dokonalé, ale plní svou funkci",0,více v jednom
126,134,11/18/2015 20:39:26,"1, 2, 5",5 (dominantní činnost),3 (středně),4 (výrazně),4 (výrazně),3 (středně),3 (středně),3 (středně),3 (středně),esbírka,"1, 2, 6",Ne,1 - 10,Dospělí samostatní návštěvníci,Ostatní,2015,těžko je zařadit muzeum kávy do některé kategorie,"1, 2","Nejsou dokonalé, ale plní svou funkci",0,
127,135,11/18/2015 21:31:06,1,4 (výrazně),4 (výrazně),2 (trochu),3 (středně),2 (trochu),1 (vůbec),1 (vůbec),3 (středně),Online databáze,5,Ano,1 - 10,Turisté,Věda a technika,2014,,"1, 2","Nejsou dokonalé, ale plní svou funkci",0,
128,136,11/18/2015 21:38:44,"1, 2, 8, 10, 13",3 (středně),2 (trochu),3 (středně),3 (středně),2 (trochu),3 (středně),3 (středně),4 (výrazně),"Online databáze, ISSU elektr. publikace z akcí","1, 2, 5",Ne,1 - 10,Školní exkurze,Historie přírody a přírodovědné obory,2005,všechny odpovědi se týkají pouze 1 oddělení,"1, email","Nejsou dokonalé, ale plní svou funkci",0,více v jednom
129,137,11/19/2015 6:57:35,"1, 2, 3, 4, 5, 9, 11",3 (středně),3 (středně),3 (středně),2 (trochu),2 (trochu),3 (středně),2 (trochu),3 (středně),Virtuální výstava,"1, 2, 3, 4, 5",Ano,1 - 10,Místní obyvatelé,"Všeobecné, kombinované (vlastivědné)",2014,,"1, 2","Jsou dobré, nic není zásadně špatně",1,"DUPLICITA – ale odpoveď na otázku je jiná, a web je divný "
130,138,11/19/2015 7:05:51,"1, 2, 5",5 (dominantní činnost),3 (středně),3 (středně),3 (středně),1 (vůbec),1 (vůbec),1 (vůbec),3 (středně),"Virtuální prohlídka, Online databáze","1, 2, 3",Ano,11 - 25,Dospělí samostatní návštěvníci,Výtvarné umění,2015,,"1, 2","Nejsou dokonalé, ale plní svou funkci",1,pěkné logo
131,139,11/19/2015 7:19:02,"1, 3, 4, 5, 8, 10, 11",5 (dominantní činnost),3 (středně),4 (výrazně),3 (středně),2 (trochu),4 (výrazně),5 (dominantní činnost),4 (výrazně),,"1, 2, 3, 4, 5, 6",Ano,26 a více,Školní exkurze,Archeologie a historie,2005,,"1, 2","Nejsou dokonalé, ale plní svou funkci",0,
132,140,11/19/2015 7:36:57,"1, 3, 4, 5, 6, 8, 9",5 (dominantní činnost),4 (výrazně),3 (středně),3 (středně),2 (trochu),4 (výrazně),3 (středně),3 (středně),Virtuální prohlídka,"1, 2, 3",Ne,11 - 25,Dospělí samostatní návštěvníci,"Všeobecné, kombinované (vlastivědné)",2011,,1,"Jsou dobré, nic není zásadně špatně",1,více v jednom
133,141,11/19/2015 7:43:42,1,4 (výrazně),5 (dominantní činnost),4 (výrazně),4 (výrazně),1 (vůbec),1 (vůbec),1 (vůbec),2 (trochu),,,Ne,1 - 10,Školní exkurze,Ostatní,2015,,0,"Jsou dobré, nic není zásadně špatně",2,web pod webem firmy/společnosti
134,142,11/19/2015 7:49:09,"1, 2, 3, 4, 5, 6, 8, 9, 10",4 (výrazně),2 (trochu),3 (středně),3 (středně),3 (středně),4 (výrazně),3 (středně),4 (výrazně),"Virtuální prohlídka, Online databáze, Virtuální výstava","1, 2, 3, 4, 5, 6",,26 a více,Školní exkurze,Věda a technika,2015,"Mpoderní trendy ( digitalizace, virtualizace) jsou důležité a mají již v moderní komunikační době nazastupitelnou roli. Muzea a galerie však mají svoji specifickou roli sdělovat laické i odborné veřejnosti informační kontakt o vývoji oborů a tedy dokumentaci společnosti. Oproti vědeckým centrům to je role mnohem širší a důležitější. ","1, 2, servery PR agentur","Nejsou dokonalé, ale plní svou funkci",1,
135,146,11/19/2015 8:06:18,"1, 2, 3, 5, 8, 9, 11",5 (dominantní činnost),3 (středně),3 (středně),4 (výrazně),3 (středně),4 (výrazně),4 (výrazně),5 (dominantní činnost),Online databáze,"1, 2, 3, 4, 5, 6",Uvažujeme o tom,11 - 25,Turisté,"Všeobecné, kombinované (vlastivědné)",2013,,"1, 2","Nejsou dokonalé, ale plní svou funkci",0,
136,147,11/19/2015 8:09:19,"1, 2, 4, 5, 8, 11",5 (dominantní činnost),4 (výrazně),5 (dominantní činnost),5 (dominantní činnost),5 (dominantní činnost),5 (dominantní činnost),3 (středně),3 (středně),Virtuální výstava,"1, 2, 3, 4, 5, 6",Ano,1 - 10,Dospělí samostatní návštěvníci,"Všeobecné, kombinované (vlastivědné)",2005,,"1, 2","Nejsou dokonalé, ale plní svou funkci",0,
137,148,11/19/2015 8:11:51,"1, 2, 4",5 (dominantní činnost),3 (středně),4 (výrazně),3 (středně),3 (středně),1 (vůbec),1 (vůbec),3 (středně),,"1, 2, 3, 5",Ne,1 - 10,Dospělí samostatní návštěvníci,"Všeobecné, kombinované (vlastivědné)",2015,,"1, 2","Jsou dobré, nic není zásadně špatně",1,
138,149,11/19/2015 8:17:10,"1, 2, 4, 5, 7, 8, 10",3 (středně),2 (trochu),3 (středně),2 (trochu),1 (vůbec),3 (středně),3 (středně),4 (výrazně),Virtuální prohlídka,"1, 2, 3, 4, 5",Ano,26 a více,Školní exkurze,"Všeobecné, kombinované (vlastivědné)",2015,,"1, 2","Nejsme s nimi spokojeni, mají mnoho závažných chyb",0,
139,150,11/19/2015 8:39:59,1,5 (dominantní činnost),2 (trochu),5 (dominantní činnost),3 (středně),3 (středně),1 (vůbec),1 (vůbec),2 (trochu),,"1, 4, 6",Ne,1 - 10,Turisté,"Všeobecné, kombinované (vlastivědné)",2015,,2,"Nejsme s nimi spokojeni, mají mnoho závažných chyb",2,Jsou pod webem města 
140,151,11/19/2015 8:49:09,"1, 2, 5",3 (středně),3 (středně),4 (výrazně),2 (trochu),3 (středně),3 (středně),3 (středně),2 (trochu),"Virtuální prohlídka, Online databáze, Virtuální výstava","1, 3, 5",Ano,1 - 10,Školní exkurze,"Všeobecné, kombinované (vlastivědné)",2014,,"1, 2","Nejsou dokonalé, ale plní svou funkci",1,
141,153,11/19/2015 9:29:14,"1, 2, 3, 4, 5, 9",4 (výrazně),2 (trochu),3 (středně),2 (trochu),2 (trochu),4 (výrazně),4 (výrazně),2 (trochu),,"1, 2, 3, 5",Ano,1 - 10,Turisté,"Všeobecné, kombinované (vlastivědné)",2015,,"1, 2","Jsou dobré, nic není zásadně špatně",1,
142,154,11/19/2015 9:38:31,"1, 2, 5, 10",5 (dominantní činnost),3 (středně),3 (středně),3 (středně),3 (středně),3 (středně),2 (trochu),5 (dominantní činnost),,"1, 2, 3, 4, 5",Ano,1 - 10,Turisté,"Všeobecné, kombinované (vlastivědné)",2012,,"1, 2","Jsou dobré, nic není zásadně špatně",0,
143,155,11/19/2015 10:06:31,"1, 2",5 (dominantní činnost),4 (výrazně),4 (výrazně),3 (středně),2 (trochu),1 (vůbec),1 (vůbec),4 (výrazně),,,Ne,1 - 10,Rodiny s dětmi,Ostatní,2007,,1,"Jsou dobré, nic není zásadně špatně",1,
144,156,11/19/2015 11:20:46,"1, 4, 5, 6, 8, 10",5 (dominantní činnost),4 (výrazně),3 (středně),2 (trochu),2 (trochu),4 (výrazně),3 (středně),4 (výrazně),,1,Ne,1 - 10,Turisté,Ostatní,2009,,"1, 2, 3","Nejsou dokonalé, ale plní svou funkci",1,DUPLICITA – ale odpoveď na otázku je jiná
145,157,11/19/2015 11:35:11,"1, 2, 3, 4, 5, 8",4 (výrazně),2 (trochu),3 (středně),3 (středně),2 (trochu),4 (výrazně),4 (výrazně),3 (středně),Virtuální prohlídka,"1, 2, 3, 4",Ano,26 a více,Rodiny s dětmi,"Všeobecné, kombinované (vlastivědné)",2015,,"1, 2","Nejsou dokonalé, ale plní svou funkci",0,DUPLICITA – ale jinak je vyplněný název města
146,158,11/19/2015 11:49:55,"1, 2, 3, 4",5 (dominantní činnost),3 (středně),4 (výrazně),2 (trochu),2 (trochu),4 (výrazně),2 (trochu),2 (trochu),,"1, 3, 4, 5",Ne,1 - 10,Školní exkurze,Etnografie (etnologie) a antropologie,2014,,"1, 2","Jsou dobré, nic není zásadně špatně",0,
147,159,11/19/2015 12:53:26,"1, 3, 5",5 (dominantní činnost),4 (výrazně),3 (středně),3 (středně),2 (trochu),3 (středně),2 (trochu),2 (trochu),,"1, 2, 3, 4, 5",Ano,11 - 25,Školní exkurze,"Všeobecné, kombinované (vlastivědné)",2010,,"1, 2","Jsou dobré, nic není zásadně špatně",0,Více v jednom
148,160,11/19/2015 12:57:41,"1, 2",4 (výrazně),3 (středně),4 (výrazně),3 (středně),2 (trochu),2 (trochu),1 (vůbec),2 (trochu),,"1, 2, 3, 4",Ano,11 - 25,Rodiny s dětmi,Skanzeny,2015,,"1, 2","Jsou dobré, nic není zásadně špatně",0,Více v jednom
149,161,11/19/2015 13:21:02,1,5 (dominantní činnost),3 (středně),3 (středně),2 (trochu),1 (vůbec),1 (vůbec),1 (vůbec),1 (vůbec),,Muzejní noc,Ano,11 - 25,Dospělí samostatní návštěvníci,"Všeobecné, kombinované (vlastivědné)",2014,,1,"Jsou dobré, nic není zásadně špatně",0,Více v jednom
150,162,11/19/2015 13:26:45,"1, 3, 4, 5",4 (výrazně),3 (středně),2 (trochu),2 (trochu),1 (vůbec),3 (středně),3 (středně),2 (trochu),,"1, 2, 3, 4, 5",Ano,11 - 25,Místní obyvatelé,"Všeobecné, kombinované (vlastivědné)",2005,,"1, 2","Jsou dobré, nic není zásadně špatně",0,Více v jednom
151,163,11/19/2015 14:17:33,"1, 2, 3, 4, 5, 9, 11",4 (výrazně),3 (středně),5 (dominantní činnost),3 (středně),3 (středně),4 (výrazně),2 (trochu),3 (středně),,"2, 3, 4, 6",Ano,26 a více,Rodiny s dětmi,Etnografie (etnologie) a antropologie,2015,možnost výběru více polí u ot. č. 10 a 11,"1, 2","Jsou dobré, nic není zásadně špatně",1,DUPLICITA – ale jinak je vyplněný název města
152,164,11/19/2015 16:09:37,"1, 2, 4",5 (dominantní činnost),2 (trochu),2 (trochu),2 (trochu),2 (trochu),1 (vůbec),1 (vůbec),3 (středně),,1,Ne,1 - 10,Místní obyvatelé,Ostatní,2015,,0,"Nejsou dokonalé, ale plní svou funkci",2,Jsou pod webem města 
153,165,11/19/2015 16:26:40,"1, 2, 5",5 (dominantní činnost),4 (výrazně),4 (výrazně),3 (středně),1 (vůbec),2 (trochu),1 (vůbec),1 (vůbec),"Virtuální prohlídka, Online databáze","1, 2, 3, 4, 5, 6",Ne,11 - 25,Dospělí samostatní návštěvníci,Archeologie a historie,2014,,"1, 2","Nejsou dokonalé, ale plní svou funkci",0,
154,166,11/19/2015 16:30:56,"1, 2, 5, 8, 10",4 (výrazně),3 (středně),4 (výrazně),3 (středně),2 (trochu),2 (trochu),2 (trochu),3 (středně),,"1, 2, 3, 6",Ano,26 a více,Dospělí samostatní návštěvníci,Archeologie a historie,2012,,"1, 2, 3","Nejsou dokonalé, ale plní svou funkci",1,Pěkné 
155,167,11/19/2015 18:28:19,"2, 3",5 (dominantní činnost),4 (výrazně),5 (dominantní činnost),4 (výrazně),2 (trochu),1 (vůbec),1 (vůbec),2 (trochu),,5,Ne,1 - 10,Skupiny dospělých,Věda a technika,2012,,1,"Nejsou dokonalé, ale plní svou funkci",0,
156,168,11/20/2015 4:01:37,"1, 2",5 (dominantní činnost),4 (výrazně),5 (dominantní činnost),4 (výrazně),4 (výrazně),1 (vůbec),1 (vůbec),4 (výrazně),,"1, 2, 6",Ne,1 - 10,Turisté,"Všeobecné, kombinované (vlastivědné)",2014,"Privat muzeum, jeden provozovatel, bez finančních odměn, bez sponzorů, z vybraného vstupného platím daně, ostatní jde na údržbu budov a exponátů, případně na nákup nových exponátů. S pozdravem Karel Schmied",2,Nemáme webové stránky,2,"Nejasný název muzea – ale sami říkají, že web nemají"
157,169,11/20/2015 5:52:13,"1, 3, 8, 9",4 (výrazně),3 (středně),4 (výrazně),3 (středně),2 (trochu),4 (výrazně),3 (středně),2 (trochu),,"1, 2, 3, 6",Ano,26 a více,Skupiny dospělých,Umělecké obory ostatní,2015,,"1, 2","Jsou dobré, nic není zásadně špatně",1,
158,170,11/20/2015 6:05:51,"1, 2, 3, 5, 8, 9",5 (dominantní činnost),3 (středně),3 (středně),1 (vůbec),1 (vůbec),3 (středně),3 (středně),4 (výrazně),Virtuální prohlídka,"1, 2, 3, 4, 5, 6",Ano,11 - 25,Skupiny dospělých,Umělecké obory ostatní,2015,"Nemáme v epoxizicíh průvodce-fyzické osoby, proto jim nelze pokládat otázky.","1, 2","Jsou dobré, nic není zásadně špatně",1,DUPLICITA – ale jinak je vyplněný název města
159,171,11/20/2015 6:45:31,"1, 2, 11",4 (výrazně),2 (trochu),3 (středně),2 (trochu),1 (vůbec),1 (vůbec),1 (vůbec),2 (trochu),Virtuální prohlídka,4,Uvažujeme o tom,1 - 10,Dospělí samostatní návštěvníci,Ostatní,2013,,"1, 2","Jsou dobré, nic není zásadně špatně",0,Více v jednom
160,172,11/20/2015 6:47:53,"1, 2",5 (dominantní činnost),2 (trochu),3 (středně),2 (trochu),2 (trochu),2 (trochu),1 (vůbec),2 (trochu),,"1, 2, 4",Ano,26 a více,Dospělí samostatní návštěvníci,Ostatní,2014,,1,"Jsou dobré, nic není zásadně špatně",0,Více v jednom
161,173,11/20/2015 6:50:45,"1, 2, 3",4 (výrazně),3 (středně),5 (dominantní činnost),3 (středně),2 (trochu),2 (trochu),1 (vůbec),3 (středně),,7,Ne,1 - 10,Školní exkurze,Etnografie (etnologie) a antropologie,2010,,0,Nemáme webové stránky,2,Nemají web
162,174,11/20/2015 7:36:01,"1, 2, 3, 4, 5, 8, 11",5 (dominantní činnost),2 (trochu),5 (dominantní činnost),3 (středně),3 (středně),4 (výrazně),5 (dominantní činnost),3 (středně),"Virtuální prohlídka, Online databáze","1, 2, 3, 5",Uvažujeme o tom,11 - 25,Školní exkurze,Historie přírody a přírodovědné obory,2015,,1,"Nejsou dokonalé, ale plní svou funkci",0,Více v jednom
163,175,11/20/2015 7:52:53,"1, 2, 3",5 (dominantní činnost),3 (středně),5 (dominantní činnost),4 (výrazně),1 (vůbec),4 (výrazně),1 (vůbec),2 (trochu),"Virtuální prohlídka, Online databáze","1, 2, 3, 4",Ano,1 - 10,Turisté,Etnografie (etnologie) a antropologie,2002,,2,"Nejsou dokonalé, ale plní svou funkci",0,Více v jednom
164,176,11/20/2015 7:52:55,"1, 2, 5, 6, 8, 10",5 (dominantní činnost),3 (středně),2 (trochu),2 (trochu),1 (vůbec),3 (středně),4 (výrazně),2 (trochu),Virtuální prohlídka,"1, 2, 3, 4, 5",Ano,26 a více,Školní exkurze,Archeologie a historie,2014,,"1, 2","Nejsou dokonalé, ale plní svou funkci",0,
165,177,11/20/2015 8:05:50,"1, 2, 9",5 (dominantní činnost),3 (středně),3 (středně),3 (středně),3 (středně),4 (výrazně),3 (středně),3 (středně),Virtuální výstava,"1, 2, 3, 4, 5, 6",Ano,11 - 25,Školní exkurze,Archeologie a historie,2012,Chystáme změnu celé stálé expozice na hlavní budově muzea.,"1, 2","Jsou dobré, nic není zásadně špatně",0,
166,178,11/20/2015 8:22:48,"1, 3, 5, 6, 8, 10, 11",3 (středně),3 (středně),3 (středně),2 (trochu),2 (trochu),3 (středně),2 (trochu),2 (trochu),Online databáze,"1, 2, 3, 4, 5",Ano,11 - 25,Školní exkurze,Umělecké obory ostatní,2015,,"1, 2","Nejsou dokonalé, ale plní svou funkci",0,Více v jednom
167,179,11/20/2015 8:27:28,"1, 2, 5",5 (dominantní činnost),4 (výrazně),4 (výrazně),3 (středně),3 (středně),1 (vůbec),1 (vůbec),4 (výrazně),Online databáze,"1, 5",Ano,1 - 10,Turisté,"Všeobecné, kombinované (vlastivědné)",2009,,1,"Nejsou dokonalé, ale plní svou funkci",0,Více v jednom
168,180,11/20/2015 8:36:22,"1, 2, 3, 4, 5, 10",3 (středně),2 (trochu),4 (výrazně),4 (výrazně),1 (vůbec),2 (trochu),2 (trochu),3 (středně),"Virtuální prohlídka, Online databáze",3,Ne,26 a více,Školní exkurze,Ostatní,2015,,"1, 2","Nejsou dokonalé, ale plní svou funkci",1,DUPLICITA – ale jinak je vyplněný název města
169,182,11/20/2015 8:45:51,"1, 2",5 (dominantní činnost),3 (středně),5 (dominantní činnost),3 (středně),1 (vůbec),5 (dominantní činnost),1 (vůbec),3 (středně),,"1, 2, 3, 4, 5",Ano,11 - 25,Místní obyvatelé,"Všeobecné, kombinované (vlastivědné)",2010,"Rotunda sv. Petra a Pavla na Budči není  muzeum, jen tam zajišťujeme prohlídky této unikátní architektonické památky","1, 2","Nejsou dokonalé, ale plní svou funkci",0,
170,183,11/20/2015 8:59:58,"3, 5",4 (výrazně),2 (trochu),4 (výrazně),3 (středně),3 (středně),3 (středně),3 (středně),2 (trochu),Virtuální prohlídka,"3, 4",Ne,1 - 10,Školní exkurze,Výtvarné umění,2012,,1,"Jsou dobré, nic není zásadně špatně",1,
171,184,11/20/2015 9:17:36,"1, 2, 8",4 (výrazně),2 (trochu),3 (středně),2 (trochu),1 (vůbec),1 (vůbec),3 (středně),2 (trochu),Online databáze,,Ne,1 - 10,Školní exkurze,Výtvarné umění,2005,,0,Nemáme webové stránky,2,"Nemají web, rekonstrukce, info pod webem města (http://hrotovice.cz/pamatnik-f-b-zveriny/ms-31820) "
172,185,11/20/2015 9:33:00,"1, 2, 5, 6, 8, 9",5 (dominantní činnost),3 (středně),4 (výrazně),2 (trochu),2 (trochu),2 (trochu),2 (trochu),4 (výrazně),"Virtuální prohlídka, Online databáze","1, 2, 3, 4",Ne,26 a více,Dospělí samostatní návštěvníci,Umělecké obory ostatní,2013,"Muzeum uzavřeno pro rekonstrukci, nové expozice od r. 2017","1, 2","Nejsou dokonalé, ale plní svou funkci",0,Více v jednom
173,186,11/20/2015 10:29:57,1,5 (dominantní činnost),3 (středně),2 (trochu),2 (trochu),1 (vůbec),1 (vůbec),1 (vůbec),3 (středně),,,Ne,1 - 10,Turisté,Ostatní,2004,,0,Nemáme webové stránky,2,Jsou pod webem města 
174,187,11/20/2015 12:37:42,"1, 2, 4, 5, 8, 10, 11",5 (dominantní činnost),3 (středně),4 (výrazně),4 (výrazně),3 (středně),3 (středně),4 (výrazně),4 (výrazně),Online databáze,"1, 2, 3, 4, 5, 6",Ano,11 - 25,Školní exkurze,"Všeobecné, kombinované (vlastivědné)",2010,"K bodu 10 to nejsou školní exkurze, ale jednotlivé třídy a mateřinky na projektech. Je o ně velký zájem, ale nejsme kapacitně schopni všechny uspokojit.","1, 2","Jsou dobré, nic není zásadně špatně",1,
175,188,11/20/2015 13:16:21,"1, 3, 4, 5, 10",2 (trochu),3 (středně),4 (výrazně),3 (středně),3 (středně),1 (vůbec),5 (dominantní činnost),3 (středně),,"1, 2, 4, 5, 7",Uvažujeme o tom,1 - 10,Školní exkurze,Umělecké obory ostatní,2015,zatím se jedná o dočasnou výstavu v pronajatých prostorách jiného muzea,"1, 2","Nejsou dokonalé, ale plní svou funkci",0,
176,189,11/20/2015 13:32:07,"1, 2",5 (dominantní činnost),2 (trochu),1 (vůbec),1 (vůbec),1 (vůbec),3 (středně),2 (trochu),3 (středně),Online databáze,"1, 2, 3, 4",Ano,1 - 10,Dospělí samostatní návštěvníci,Výtvarné umění,2015,,"1, 2","Nejsou dokonalé, ale plní svou funkci",0,Více v jednom
177,190,11/20/2015 13:43:40,"1, 2, 3, 5, 7, 11",5 (dominantní činnost),3 (středně),4 (výrazně),4 (výrazně),4 (výrazně),4 (výrazně),1 (vůbec),4 (výrazně),,"1, 2, 3, 4, 5",Ano,1 - 10,Turisté,Umělecké obory ostatní,2013,,"1, 2","Nejsou dokonalé, ale plní svou funkci",0,
178,191,11/20/2015 14:41:03,1,5 (dominantní činnost),4 (výrazně),5 (dominantní činnost),4 (výrazně),4 (výrazně),1 (vůbec),1 (vůbec),4 (výrazně),,"1, 6",Ano,1 - 10,Školní exkurze,"Všeobecné, kombinované (vlastivědné)",2013,,"1, 2","Jsou dobré, nic není zásadně špatně",0,Více v jednom
179,192,11/20/2015 15:44:42,"1, 5",2 (trochu),4 (výrazně),5 (dominantní činnost),4 (výrazně),1 (vůbec),2 (trochu),1 (vůbec),2 (trochu),Virtuální prohlídka,"1, 2, 5, 6",Ne,1 - 10,Skupiny dospělých,Archeologie a historie,2015,"K bodu 9.: V památníku pracují pouze 2 osoby, a to obě na DPP.  K bodu 11.: hlavní téma památníku je historie a náboženství ",0,Nemáme webové stránky,2,"Jsou pod webem města, nemají web"
180,193,11/23/2015 10:16:01,"1, 2, 3, 4",5 (dominantní činnost),2 (trochu),4 (výrazně),2 (trochu),1 (vůbec),2 (trochu),2 (trochu),3 (středně),"Virtuální prohlídka,  Online databáze","1, 2, 3, 4, 6",Ano,26 a více,Dospělí samostatní návštěvníci ,Výtvarné umění,2013,,"1, 2","Jsou dobré, nic není zásadně špatně",1,DUPLICITA – zde vyplněno
181,194,11/20/2015 17:06:18,"1, 2, 4, 5, 6, 8, 10",5 (dominantní činnost),4 (výrazně),2 (trochu),2 (trochu),1 (vůbec),3 (středně),2 (trochu),2 (trochu),,"1, 2, 3, 4, 5, 6",Ano,26 a více,Dospělí samostatní návštěvníci,Výtvarné umění,2011,,"1, 2, 3","Nejsou dokonalé, ale plní svou funkci",0,Více v jednom
182,195,11/20/2015 17:08:25,"1, 3, 10",4 (výrazně),2 (trochu),5 (dominantní činnost),3 (středně),2 (trochu),1 (vůbec),1 (vůbec),2 (trochu),,5,Ne,1 - 10,Rodiny s dětmi,Věda a technika,2008,Svezení historickým úzkorozchodným vlakem jako součást prohlídky našeho muzea.,"1, 2","Nejsou dokonalé, ale plní svou funkci",0,
183,196,11/23/2015 8:09:12,1,5 (dominantní činnost),4 (výrazně),2 (trochu),3 (středně),1 (vůbec),1 (vůbec),1 (vůbec),1 (vůbec),,,Uvažujeme o tom,1 - 10,Turisté,Archeologie a historie,2002,,0,Nemáme webové stránky,2,Nemají web a nejasný název muzea
184,197,11/23/2015 9:02:50,1,2 (trochu),4 (výrazně),4 (výrazně),3 (středně),2 (trochu),1 (vůbec),1 (vůbec),3 (středně),,5,Ne,1 - 10,Školní exkurze,Ostatní,2002,,0,Nemáme webové stránky,2,Nemají web
185,199,11/23/2015 10:42:05,"1, 2, 5",5 (dominantní činnost),3 (středně),4 (výrazně),2 (trochu),2 (trochu),2 (trochu),1 (vůbec),3 (středně),,1,Ne,1 - 10,Školní exkurze,Věda a technika,2015,,0,"Nejsou dokonalé, ale plní svou funkci",2,web pod webem firmy 
186,200,11/23/2015 11:04:24,"1, 2, 5, 8, 10",4 (výrazně),2 (trochu),4 (výrazně),2 (trochu),2 (trochu),3 (středně),3 (středně),4 (výrazně),,"1, 2, 3, 4, 5",Ano,11 - 25,Rodiny s dětmi,"Všeobecné, kombinované (vlastivědné)",2015,,"1, 2","Nejsme s nimi spokojeni, mají mnoho závažných chyb",1,vylepšili
187,201,11/23/2015 12:05:32,"1, 2, 3, 4, 5, 6, 8, 10",5 (dominantní činnost),3 (středně),5 (dominantní činnost),3 (středně),2 (trochu),3 (středně),4 (výrazně),5 (dominantní činnost),"Virtuální prohlídka, Online databáze, Virtuální výstava","1, 2, 3, 4, 6",Ano,11 - 25,Školní exkurze,Výtvarné umění,2014,,"1, 2","Nejsou dokonalé, ale plní svou funkci",1,DUPLICITA
188,202,11/24/2015 7:21:17,1,5 (dominantní činnost),3 (středně),5 (dominantní činnost),3 (středně),3 (středně),1 (vůbec),1 (vůbec),3 (středně),,5,Ne,1 - 10,Turisté,"Všeobecné, kombinované (vlastivědné)",2009,"jedná se o nedostatek místa, velmi starý a nedostatečný výstavní fundus, vpodstatě nepřítomnost depozitáře, proto téměř vše je v expozici",0,"Nejsou dokonalé, ale plní svou funkci",2,Jsou pod webem města 
189,203,11/24/2015 9:06:03,"1, 2",5 (dominantní činnost),3 (středně),4 (výrazně),3 (středně),3 (středně),1 (vůbec),1 (vůbec),2 (trochu),,1,Ne,1 - 10,Skupiny dospělých,Věda a technika,2015,"u otázky č. 10 platí pro toto muzeum všechny odpovědi, ale nejdou zaškrtnout","1, letáky, plakáty","Nejsou dokonalé, ale plní svou funkci",2,Nejasný název muzea – je jich víc
190,204,11/24/2015 13:05:02,"1, 7, 10, 11",5 (dominantní činnost),2 (trochu),3 (středně),3 (středně),3 (středně),3 (středně),3 (středně),3 (středně),Online databáze,"1, 2, 3, 5, 6",Ano,11 - 25,Skupiny dospělých,Archeologie a historie,2013,,"1, 2","Nejsou dokonalé, ale plní svou funkci",0,DUPLICITA
191,205,11/24/2015 13:54:33,"1, 2, 3, 4, 5, 7, 8, 9, 10, 11",5 (dominantní činnost),3 (středně),4 (výrazně),3 (středně),4 (výrazně),4 (výrazně),2 (trochu),5 (dominantní činnost),"Virtuální prohlídka, Online databáze","1, 2, 3, 4, 5, 6",Ano,26 a více,Rodiny s dětmi,Ostatní,2014,,"1, 2","Nejsou dokonalé, ale plní svou funkci",2,Nejasný název muzea 
192,206,11/24/2015 16:11:02,"1, 5, 11",3 (středně),3 (středně),4 (výrazně),4 (výrazně),4 (výrazně),1 (vůbec),4 (výrazně),4 (výrazně),Virtuální prohlídka,"1, 2, 4, 5",Ne,1 - 10,Skupiny dospělých,Ostatní,2014,,"1, 2","Nejsou dokonalé, ale plní svou funkci",1,DUPLICITA – jiná odpověď na otázku
193,207,11/25/2015 7:20:58,"1, 2, 4, 5",5 (dominantní činnost),4 (výrazně),4 (výrazně),3 (středně),3 (středně),4 (výrazně),4 (výrazně),2 (trochu),Virtuální výstava,"1, 2, 3, 4, 5",Ano,11 - 25,Turisté,Ostatní,1997,,"1, 2, portály","Jsou dobré, nic není zásadně špatně",0,
194,208,11/25/2015 16:01:58,"1, 2, 3, 5, 11",3 (středně),3 (středně),5 (dominantní činnost),3 (středně),2 (trochu),3 (středně),1 (vůbec),1 (vůbec),Virtuální výstava,"1, 2, 3, 4, 5",Ano,1 - 10,Školní exkurze,Umělecké obory ostatní,1967,,1,"Nejsou dokonalé, ale plní svou funkci",0,Více v jednom
195,209,11/26/2015 11:33:01,"1, 3, 11",3 (středně),2 (trochu),5 (dominantní činnost),2 (trochu),2 (trochu),1 (vůbec),1 (vůbec),2 (trochu),esbírka,5,Ano,1 - 10,Turisté,Ostatní,1986,"jde o instalovaný objekt dle ""stavu posledního dne básníkova života""",1,"Nejsou dokonalé, ale plní svou funkci",0,Více v jednom
196,210,11/26/2015 13:07:40,"1, 2, 3, 5, 8, 9",5 (dominantní činnost),3 (středně),4 (výrazně),2 (trochu),1 (vůbec),3 (středně),2 (trochu),2 (trochu),"Virtuální prohlídka, Online databáze","1, 2, 3, 4, 5, 6",Ano,26 a více,Dospělí samostatní návštěvníci,Výtvarné umění,2015,,"1, 2, 3","Nejsou dokonalé, ale plní svou funkci",1,
197,211,11/30/2015 11:33:14,"1, 2, 3, 4, 5, 7, 10",4 (výrazně),2 (trochu),3 (středně),3 (středně),3 (středně),3 (středně),1 (vůbec),4 (výrazně),,"1, 2, 3, 4, 5, 6",Ano,26 a více,Rodiny s dětmi,"Všeobecné, kombinované (vlastivědné)",2014,,"1, 2","Jsou dobré, nic není zásadně špatně",0,
198,212,12/1/2015 18:52:00,"1, 2, 3, 4, 5, 6, 8, 9",5 (dominantní činnost),3 (středně),2 (trochu),2 (trochu),3 (středně),4 (výrazně),4 (výrazně),2 (trochu),Virtuální výstava,"1, 2, 3, 4, 5, 6",Ne,26 a více,Školní exkurze,"Všeobecné, kombinované (vlastivědné)",2012,,"1, 2, 3","Nejsou dokonalé, ale plní svou funkci",0,
199,213,12/3/2015 19:08:06,"1, 2",5 (dominantní činnost),3 (středně),5 (dominantní činnost),5 (dominantní činnost),5 (dominantní činnost),3 (středně),1 (vůbec),1 (vůbec),,"4, 6",Uvažujeme o tom,1 - 10,Rodiny s dětmi,Věda a technika,2010,překážky - nedostatek financí (jsme soukromé muzeum),1,"Nejsou dokonalé, ale plní svou funkci",0,
200,214,12/7/2015 9:16:49,"1, 2, 5",4 (výrazně),3 (středně),3 (středně),2 (trochu),2 (trochu),5 (dominantní činnost),1 (vůbec),3 (středně),Online databáze,"1, 3",Ano,1 - 10,Místní obyvatelé,"Všeobecné, kombinované (vlastivědné)",2013,,1,"Nejsme s nimi spokojeni, mají mnoho závažných chyb",1,vylepšili
201,215,12/22/2015 9:51:38,"5, 10",5 (dominantní činnost),4 (výrazně),3 (středně),2 (trochu),1 (vůbec),3 (středně),2 (trochu),3 (středně),Virtuální prohlídka,"1, 2, 3, 4, 5",Ano,11 - 25,Školní exkurze,Etnografie (etnologie) a antropologie,2015,,"1, 2","Jsou dobré, nic není zásadně špatně",0,
202,216,12/20/2016 8:52:25,1,5 (dominantní činnost),2 (trochu),5 (dominantní činnost),3 (středně),3 (středně),1 (vůbec),1 (vůbec),2 (trochu),,"2, 5, noční prohlídky",Ano,1 - 10,Školní exkurze,Historie přírody a přírodovědné obory,1952,,"1, 2","Jsou dobré, nic není zásadně špatně",1,
